ID,Name,Available Sources,Data Type,Description,Match Sources,Status
DP_PRS_0001,Transaction File Date,"""Plink Tx Report - Daily Files"" Preset Charset > tx_file_date",string,Date derived from transaction_file_id (YYYY-MM-DD format).,transaction_file_id,Available in Preset
DP_PRS_0002,Transaction Count,"""Plink Tx Report - Daily Files"" Preset Charset > tx_count",integer,Total number of transactions per transaction file.,transaction_file_id,Available in Preset
DP_PRS_0003,Unique FI Count,"""Plink Tx Report - Daily Files"" Preset Charset > fiid_count",integer,Number of distinct financial institutions represented in the transaction file.,transaction_file_id,Available in Preset
DP_PRS_0004,Unique Consumer Count,"""Plink Tx Report - Daily Files"" Preset Charset > consumer_count",integer,Number of distinct consumers (based on account_id) in the transaction file.,transaction_file_id,Available in Preset
DP_PRS_0005,Oldest Transaction Date,"""Plink Tx Report - Daily Files"" Preset Charset > oldest_tx",string,Earliest transaction posting date found in the file.,transaction_file_id,Available in Preset
DP_PRS_0006,Newest Transaction Date,"""Plink Tx Report - Daily Files"" Preset Charset > newest_tx",string,Most recent transaction posting date found in the file.,transaction_file_id,Available in Preset
DP_PRS_0007,Historical Transaction Count,"""Plink Tx Report - FIID Report"" Preset Charset > historical_tx_count",integer,Number of transactions from historical files (transaction_file_id with 'D').,fiid,Available in Preset
DP_PRS_0008,Daily Transaction Count,"""Plink Tx Report - FIID Report"" Preset Charset > daily_tx_count",integer,Number of transactions from daily files (transaction_file_id not containing 'D').,fiid,Available in Preset
DP_PRS_0009,Historical 90-Day Transaction Count,"""Plink Tx Report - FIID Report"" Preset Charset > historical_90_day_tx_count",integer,Number of transactions from “ENROLLED” historical 90-day files.,fiid,Available in Preset
DP_PRS_0010,Oldest Transaction Date,"""Plink Tx Report - FIID Report"" Preset Charset > oldest_tx",date,Earliest transaction posting date observed for the FI.,fiid,Available in Preset
DP_PRS_0011,Newest Transaction Date,"""Plink Tx Report - FIID Report"" Preset Charset > newest_tx",date,Most recent transaction posting date observed for the FI.,fiid,Available in Preset
DP_PRS_0012,Transaction Count,"""Plink Transaction Reports DS"" Preset Charset > tx_count",integer,Total number of transactions per FI and transaction file.,"fiid, transaction_file_id",Available in Preset
DP_PRS_0013,Consumer Count,"""Plink Transaction Reports DS"" Preset Charset > consumer_count",integer,Number of distinct consumers (based on account_id) per FI and transaction file.,"fiid, transaction_file_id",Available in Preset
DP_PRS_0014,Oldest Transaction Date,"""Plink Transaction Reports DS"" Preset Charset > oldest_tx",date,Earliest transaction posting date observed per FI and transaction file.,"fiid, transaction_file_id",Available in Preset
DP_PRS_0015,Newest Transaction Date,"""Plink Transaction Reports DS"" Preset Charset > newest_tx",date,Most recent transaction posting date observed per FI and transaction file.,"fiid, transaction_file_id",Available in Preset
DP_PRS_0016,Total Spend,"""Plink Transaction Reports DS"" Preset Charset > total_spend",decimal,Total dollar amount of all transactions per FI and transaction file.,"fiid, transaction_file_id",Available in Preset
DP_PRS_0017,Purchase Rewards Enrolled,"""Test Tracking - FI Summary"" Preset Charset > ""Purchase Rewards Enrolled""",integer,Number of consumers enrolled in purchase rewards for the FI.,fiid,Available in Preset
DP_PRS_0018,Total Campaign Views by Local Transactors Last 30 days,"""Platinum Test - Campaign views by local transactors (30 days)"" > count",integer,"Number of campaign views from consumers who transacted in the last 30 days (trx_type = IN_SCOPE, non-aggregated merchants).",fiid,Available in Preset
DP_PRS_0019,Total Campaign Views by Local Transactors Last 7 days,"""Platinum Test - Campaign views by local transactors (7 days)"" > count",integer,"Number of campaign views from consumers who transacted in the last 7 days (trx_type = IN_SCOPE, non-aggregated merchants).",fiid,Available in Preset
DP_PRS_0020,Total Local Transactor Transaction Count (30 days),"""Platinum Test - Local Transactors (30 days)"" > tx_count",integer,"Total local transaction count for a consumer who transacted in the last 30 days (trx_type = IN_SCOPE, non-aggregated merchants).",bank_account_id,Available in Preset
DP_PRS_0021,Total Local Transactor Transaction Count (7 days),"""Platinum Test - Local Transactors (7 days)"" > tx_count",integer,"Total local transaction count for a consumer who transacted in the last 7 days (trx_type = IN_SCOPE, non-aggregated merchants).",bank_account_id,Available in Preset
DP_PRS_0022,Oauths by Local Transactors Last 30 days,"""Platinum Test - Oauths by Local Transactors (30 days)"" > oauth_count",integer,"Total OAuths (Plink sign-ins) count for a consumer who transacted locally in the last 30 days (trx_type = IN_SCOPE, non-aggregated merchants).",bank_account_id,Available in Preset
DP_PRS_0023,Oauths by Local Transactors Last 7 days,"""Platinum Test - Oauths by Local Transactors (7 days)"" > oauth_count",integer,"Total OAuths (Plink sign-ins) count for a consumer who transacted locally in the last 7 days (trx_type = IN_SCOPE, non-aggregated merchants).",bank_account_id,Available in Preset
DP_PRS_0024,Activations by Local Transactors Last 30 days,"""Platinum Test - Activations by local transactors (30 days)"" > count",integer,"Campaign opt-ins count for a consumer who transacted locally in the last 30 days (trx_type = IN_SCOPE, non-aggregated merchants).",bank_account_id,Available in Preset
DP_PRS_0025,Activations by Local Transactors Last 7 days,"""Platinum Test - Activations by local transactors (7 days)"" > count",integer,"Campaign opt-ins count for a consumer who transacted locally in the last 7 days (trx_type = IN_SCOPE, non-aggregated merchants).",bank_account_id,Available in Preset
DP_PRS_0026,Redemptions by Local Transactors Last 30 days,"""Platinum Test - Redemptions by local transactors (30 days)"" > redemption_count",integer,"Campaign redemption count for a consumer who transacted locally in the last 30 days (trx_type = IN_SCOPE, non-aggregated merchants).",bank_account_id,Available in Preset
DP_PRS_0027,Redemptions by Local Transactors Last 7 days,"""Platinum Test - Redemptions by local transactors (7 days)"" > redemption_count",integer,"Campaign redemption count for a consumer who transacted locally in the last 7 days (trx_type = IN_SCOPE, non-aggregated merchants).",bank_account_id,Available in Preset
DP_PRS_0028,,,,,,
DP_PRS_0029,,,,,,
DP_PRS_0030,,,,,,
DP_PRS_0031,,,,,,
DP_PRS_0032,,,,,,
DP_PRS_0033,,,,,,
DP_PRS_0034,,,,,,
DP_PRS_0035,,,,,,
DP_PRS_0036,,,,,,
DP_PRS_0037,,,,,,
DP_PRS_0038,,,,,,
DP_PRS_0039,,,,,,
DP_PRS_0040,,,,,,
DP_PRS_0041,,,,,,
DP_PRS_0042,,,,,,
DP_PRS_0043,,,,,,
DP_PRS_0044,,,,,,
DP_PRS_0045,,,,,,
DP_PRS_0046,,,,,,
DP_PRS_0047,,,,,,
DP_PRS_0048,,,,,,
DP_PRS_0049,,,,,,
DP_PRS_0050,,,,,,
DP_PRS_0051,,,,,,
DP_PRS_0052,,,,,,
DP_PRS_0053,,,,,,
DP_PRS_0054,,,,,,
DP_PRS_0055,,,,,,
DP_PRS_0056,,,,,,
DP_PRS_0057,,,,,,
DP_PRS_0058,,,,,,
DP_PRS_0059,,,,,,
DP_PRS_0060,,,,,,
DP_PRS_0061,,,,,,
DP_PRS_0062,,,,,,
DP_PRS_0063,,,,,,
DP_PRS_0064,,,,,,
DP_PRS_0065,,,,,,
DP_PRS_0066,,,,,,
DP_PRS_0067,,,,,,
DP_PRS_0068,,,,,,
DP_PRS_0069,,,,,,
DP_PRS_0070,,,,,,
DP_PRS_0071,,,,,,
DP_PRS_0072,,,,,,
DP_PRS_0073,,,,,,
DP_PRS_0074,,,,,,
DP_PRS_0075,,,,,,
DP_PRS_0076,,,,,,
DP_PRS_0077,,,,,,
DP_PRS_0078,,,,,,
DP_PRS_0079,,,,,,
DP_PRS_0080,,,,,,
DP_PRS_0081,,,,,,
DP_PRS_0082,,,,,,
DP_PRS_0083,,,,,,
DP_PRS_0084,,,,,,
DP_PRS_0085,,,,,,
DP_PRS_0086,,,,,,
DP_PRS_0087,,,,,,
DP_PRS_0088,,,,,,
DP_PRS_0089,,,,,,
DP_PRS_0090,,,,,,
DP_PRS_0091,,,,,,
DP_PRS_0092,,,,,,
DP_PRS_0093,,,,,,
DP_PRS_0094,,,,,,
DP_PRS_0095,,,,,,
DP_PRS_0096,,,,,,
DP_PRS_0097,,,,,,
DP_PRS_0098,,,,,,
DP_PRS_0099,,,,,,
DP_PRS_0100,,,,,,
DP_PRS_0101,,,,,,
DP_PRS_0102,,,,,,
DP_PRS_0103,,,,,,
DP_PRS_0104,,,,,,
DP_PRS_0105,,,,,,
DP_PRS_0106,,,,,,
DP_PRS_0107,,,,,,
DP_PRS_0108,,,,,,
DP_PRS_0109,,,,,,
DP_PRS_0110,,,,,,
DP_PRS_0111,,,,,,
DP_PRS_0112,,,,,,
DP_PRS_0113,,,,,,
DP_PRS_0114,,,,,,
DP_PRS_0115,,,,,,
DP_PRS_0116,,,,,,
DP_PRS_0117,,,,,,
DP_PRS_0118,,,,,,
DP_PRS_0119,,,,,,
DP_PRS_0120,,,,,,
DP_PRS_0121,,,,,,
DP_PRS_0122,,,,,,
DP_PRS_0123,,,,,,
DP_PRS_0124,,,,,,
DP_PRS_0125,,,,,,
DP_PRS_0126,,,,,,
DP_PRS_0127,,,,,,
DP_PRS_0128,,,,,,
DP_PRS_0129,,,,,,
DP_PRS_0130,,,,,,
DP_PRS_0131,,,,,,
DP_PRS_0132,,,,,,
DP_PRS_0133,,,,,,
DP_PRS_0134,,,,,,
DP_PRS_0135,,,,,,
DP_PRS_0136,,,,,,
DP_PRS_0137,,,,,,
DP_PRS_0138,,,,,,
DP_PRS_0139,,,,,,
DP_PRS_0140,,,,,,
DP_PRS_0141,,,,,,
DP_PRS_0142,,,,,,
DP_PRS_0143,,,,,,
DP_PRS_0144,,,,,,
DP_PRS_0145,,,,,,
DP_PRS_0146,,,,,,
DP_PRS_0147,,,,,,
DP_PRS_0148,,,,,,
DP_PRS_0149,,,,,,
DP_PRS_0150,,,,,,
DP_PRS_0151,,,,,,
DP_PRS_0152,,,,,,
DP_PRS_0153,,,,,,
DP_PRS_0154,,,,,,
DP_PRS_0155,,,,,,
DP_PRS_0156,,,,,,
DP_PRS_0157,,,,,,
DP_PRS_0158,,,,,,
DP_PRS_0159,,,,,,
DP_PRS_0160,,,,,,
DP_PRS_0161,,,,,,
DP_PRS_0162,,,,,,
DP_PRS_0163,,,,,,
DP_PRS_0164,,,,,,
DP_PRS_0165,,,,,,
DP_PRS_0166,,,,,,
DP_PRS_0167,,,,,,
DP_PRS_0168,,,,,,
DP_PRS_0169,,,,,,
DP_PRS_0170,,,,,,
DP_PRS_0171,,,,,,
DP_PRS_0172,,,,,,
DP_PRS_0173,,,,,,
DP_PRS_0174,,,,,,
DP_PRS_0175,,,,,,
DP_PRS_0176,,,,,,
DP_PRS_0177,,,,,,
DP_PRS_0178,,,,,,
DP_PRS_0179,,,,,,
DP_PRS_0180,,,,,,
DP_PRS_0181,,,,,,
DP_PRS_0182,,,,,,
DP_PRS_0183,,,,,,
DP_PRS_0184,,,,,,
DP_PRS_0185,,,,,,
DP_PRS_0186,,,,,,
DP_PRS_0187,,,,,,
DP_PRS_0188,,,,,,
DP_PRS_0189,,,,,,
DP_PRS_0190,,,,,,
DP_PRS_0191,,,,,,
DP_PRS_0192,,,,,,
DP_PRS_0193,,,,,,
DP_PRS_0194,,,,,,
DP_PRS_0195,,,,,,
DP_PRS_0196,,,,,,
DP_PRS_0197,,,,,,
DP_PRS_0198,,,,,,
DP_PRS_0199,,,,,,
DP_PRS_0200,,,,,,
DP_PRS_0201,,,,,,
DP_PRS_0202,,,,,,
DP_PRS_0203,,,,,,
DP_PRS_0204,,,,,,
DP_PRS_0205,,,,,,
DP_PRS_0206,,,,,,
DP_PRS_0207,,,,,,
DP_PRS_0208,,,,,,
DP_PRS_0209,,,,,,
DP_PRS_0210,,,,,,
DP_PRS_0211,,,,,,
DP_PRS_0212,,,,,,
DP_PRS_0213,,,,,,
DP_PRS_0214,,,,,,
DP_PRS_0215,,,,,,
DP_PRS_0216,,,,,,
DP_PRS_0217,,,,,,
DP_PRS_0218,,,,,,
DP_PRS_0219,,,,,,
DP_PRS_0220,,,,,,
DP_PRS_0221,,,,,,
DP_PRS_0222,,,,,,
DP_PRS_0223,,,,,,
DP_PRS_0224,,,,,,
DP_PRS_0225,,,,,,
DP_PRS_0226,,,,,,
DP_PRS_0227,,,,,,
DP_PRS_0228,,,,,,
DP_PRS_0229,,,,,,
DP_PRS_0230,,,,,,
DP_PRS_0231,,,,,,
DP_PRS_0232,,,,,,
DP_PRS_0233,,,,,,
DP_PRS_0234,,,,,,
DP_PRS_0235,,,,,,
DP_PRS_0236,,,,,,
DP_PRS_0237,,,,,,
DP_PRS_0238,,,,,,
DP_PRS_0239,,,,,,
DP_PRS_0240,,,,,,
DP_PRS_0241,,,,,,
DP_PRS_0242,,,,,,
DP_PRS_0243,,,,,,
DP_PRS_0244,,,,,,
DP_PRS_0245,,,,,,
DP_PRS_0246,,,,,,
DP_PRS_0247,,,,,,
DP_PRS_0248,,,,,,
DP_PRS_0249,,,,,,
DP_PRS_0250,,,,,,
DP_PRS_0251,,,,,,
DP_PRS_0252,,,,,,
DP_PRS_0253,,,,,,
DP_PRS_0254,,,,,,
DP_PRS_0255,,,,,,
DP_PRS_0256,,,,,,
DP_PRS_0257,,,,,,
DP_PRS_0258,,,,,,
DP_PRS_0259,,,,,,
DP_PRS_0260,,,,,,
DP_PRS_0261,,,,,,
DP_PRS_0262,,,,,,
DP_PRS_0263,,,,,,
DP_PRS_0264,,,,,,
DP_PRS_0265,,,,,,
DP_PRS_0266,,,,,,
DP_PRS_0267,,,,,,
DP_PRS_0268,,,,,,
DP_PRS_0269,,,,,,
DP_PRS_0270,,,,,,
DP_PRS_0271,,,,,,
DP_PRS_0272,,,,,,
DP_PRS_0273,,,,,,
DP_PRS_0274,,,,,,
DP_PRS_0275,,,,,,
DP_PRS_0276,,,,,,
DP_PRS_0277,,,,,,
DP_PRS_0278,,,,,,
DP_PRS_0279,,,,,,
DP_PRS_0280,,,,,,
DP_PRS_0281,,,,,,
DP_PRS_0282,,,,,,
DP_PRS_0283,,,,,,
DP_PRS_0284,,,,,,
DP_PRS_0285,,,,,,
DP_PRS_0286,,,,,,
DP_PRS_0287,,,,,,
DP_PRS_0288,,,,,,
DP_PRS_0289,,,,,,
DP_PRS_0290,,,,,,
DP_PRS_0291,,,,,,
DP_PRS_0292,,,,,,
DP_PRS_0293,,,,,,
DP_PRS_0294,,,,,,
DP_PRS_0295,,,,,,
DP_PRS_0296,,,,,,
DP_PRS_0297,,,,,,
DP_PRS_0298,,,,,,
DP_PRS_0299,,,,,,
DP_PRS_0300,,,,,,
DP_PRS_0301,,,,,,
DP_PRS_0302,,,,,,
DP_PRS_0303,,,,,,
DP_PRS_0304,,,,,,
DP_PRS_0305,,,,,,
DP_PRS_0306,,,,,,
DP_PRS_0307,,,,,,
DP_PRS_0308,,,,,,
DP_PRS_0309,,,,,,
DP_PRS_0310,,,,,,
DP_PRS_0311,,,,,,
DP_PRS_0312,,,,,,
DP_PRS_0313,,,,,,
DP_PRS_0314,,,,,,
DP_PRS_0315,,,,,,
DP_PRS_0316,,,,,,
DP_PRS_0317,,,,,,
DP_PRS_0318,,,,,,
DP_PRS_0319,,,,,,
DP_PRS_0320,,,,,,
DP_PRS_0321,,,,,,
DP_PRS_0322,,,,,,
DP_PRS_0323,,,,,,
DP_PRS_0324,,,,,,
DP_PRS_0325,,,,,,
DP_PRS_0326,,,,,,
DP_PRS_0327,,,,,,
DP_PRS_0328,,,,,,
DP_PRS_0329,,,,,,
DP_PRS_0330,,,,,,
DP_PRS_0331,,,,,,
DP_PRS_0332,,,,,,
DP_PRS_0333,,,,,,
DP_PRS_0334,,,,,,
DP_PRS_0335,,,,,,
DP_PRS_0336,,,,,,
DP_PRS_0337,,,,,,
DP_PRS_0338,,,,,,
DP_PRS_0339,,,,,,
DP_PRS_0340,,,,,,
DP_PRS_0341,,,,,,
DP_PRS_0342,,,,,,
DP_PRS_0343,,,,,,
DP_PRS_0344,,,,,,
DP_PRS_0345,,,,,,
DP_PRS_0346,,,,,,
DP_PRS_0347,,,,,,
DP_PRS_0348,,,,,,
DP_PRS_0349,,,,,,
DP_PRS_0350,,,,,,
DP_PRS_0351,,,,,,
DP_PRS_0352,,,,,,
DP_PRS_0353,,,,,,
DP_PRS_0354,,,,,,
DP_PRS_0355,,,,,,
DP_PRS_0356,,,,,,
DP_PRS_0357,,,,,,
DP_PRS_0358,,,,,,
DP_PRS_0359,,,,,,
DP_PRS_0360,,,,,,
DP_PRS_0361,,,,,,
DP_PRS_0362,,,,,,
DP_PRS_0363,,,,,,
DP_PRS_0364,,,,,,
DP_PRS_0365,,,,,,
DP_PRS_0366,,,,,,
DP_PRS_0367,,,,,,
DP_PRS_0368,,,,,,
DP_PRS_0369,,,,,,
DP_PRS_0370,,,,,,
DP_PRS_0371,,,,,,
DP_PRS_0372,,,,,,
DP_PRS_0373,,,,,,
DP_PRS_0374,,,,,,
DP_PRS_0375,,,,,,
DP_PRS_0376,,,,,,
DP_PRS_0377,,,,,,
DP_PRS_0378,,,,,,
DP_PRS_0379,,,,,,
DP_PRS_0380,,,,,,
DP_PRS_0381,,,,,,
DP_PRS_0382,,,,,,
DP_PRS_0383,,,,,,
DP_PRS_0384,,,,,,
DP_PRS_0385,,,,,,
DP_PRS_0386,,,,,,
DP_PRS_0387,,,,,,
DP_PRS_0388,,,,,,
DP_PRS_0389,,,,,,
DP_PRS_0390,,,,,,
DP_PRS_0391,,,,,,
DP_PRS_0392,,,,,,
DP_PRS_0393,,,,,,
DP_PRS_0394,,,,,,
DP_PRS_0395,,,,,,
DP_PRS_0396,,,,,,
DP_PRS_0397,,,,,,
DP_PRS_0398,,,,,,
DP_PRS_0399,,,,,,
DP_PRS_0400,,,,,,
DP_PRS_0401,,,,,,
DP_PRS_0402,,,,,,
DP_PRS_0403,,,,,,
DP_PRS_0404,,,,,,
DP_PRS_0405,,,,,,
DP_PRS_0406,,,,,,
DP_PRS_0407,,,,,,
DP_PRS_0408,,,,,,
DP_PRS_0409,,,,,,
DP_PRS_0410,,,,,,
DP_PRS_0411,,,,,,
DP_PRS_0412,,,,,,
DP_PRS_0413,,,,,,
DP_PRS_0414,,,,,,
DP_PRS_0415,,,,,,
DP_PRS_0416,,,,,,
DP_PRS_0417,,,,,,
DP_PRS_0418,,,,,,
DP_PRS_0419,,,,,,
DP_PRS_0420,,,,,,
DP_PRS_0421,,,,,,
DP_PRS_0422,,,,,,
DP_PRS_0423,,,,,,
DP_PRS_0424,,,,,,
DP_PRS_0425,,,,,,
DP_PRS_0426,,,,,,
DP_PRS_0427,,,,,,
DP_PRS_0428,,,,,,
DP_PRS_0429,,,,,,
DP_PRS_0430,,,,,,
DP_PRS_0431,,,,,,
DP_PRS_0432,,,,,,
DP_PRS_0433,,,,,,
DP_PRS_0434,,,,,,
DP_PRS_0435,,,,,,
DP_PRS_0436,,,,,,
DP_PRS_0437,,,,,,
DP_PRS_0438,,,,,,
DP_PRS_0439,,,,,,
DP_PRS_0440,,,,,,
DP_PRS_0441,,,,,,
DP_PRS_0442,,,,,,
DP_PRS_0443,,,,,,
DP_PRS_0444,,,,,,
DP_PRS_0445,,,,,,
DP_PRS_0446,,,,,,
DP_PRS_0447,,,,,,
DP_PRS_0448,,,,,,
DP_PRS_0449,,,,,,
DP_PRS_0450,,,,,,
DP_PRS_0451,,,,,,
DP_PRS_0452,,,,,,
DP_PRS_0453,,,,,,
DP_PRS_0454,,,,,,
DP_PRS_0455,,,,,,
DP_PRS_0456,,,,,,
DP_PRS_0457,,,,,,
DP_PRS_0458,,,,,,
DP_PRS_0459,,,,,,
DP_PRS_0460,,,,,,
DP_PRS_0461,,,,,,
DP_PRS_0462,,,,,,
DP_PRS_0463,,,,,,
DP_PRS_0464,,,,,,
DP_PRS_0465,,,,,,
DP_PRS_0466,,,,,,
DP_PRS_0467,,,,,,
DP_PRS_0468,,,,,,
DP_PRS_0469,,,,,,
DP_PRS_0470,,,,,,
DP_PRS_0471,,,,,,
DP_PRS_0472,,,,,,
DP_PRS_0473,,,,,,
DP_PRS_0474,,,,,,
DP_PRS_0475,,,,,,
DP_PRS_0476,,,,,,
DP_PRS_0477,,,,,,
DP_PRS_0478,,,,,,
DP_PRS_0479,,,,,,
DP_PRS_0480,,,,,,
DP_PRS_0481,,,,,,
DP_PRS_0482,,,,,,
DP_PRS_0483,,,,,,
DP_PRS_0484,,,,,,
DP_PRS_0485,,,,,,
DP_PRS_0486,,,,,,
DP_PRS_0487,,,,,,
DP_PRS_0488,,,,,,
DP_PRS_0489,,,,,,
DP_PRS_0490,,,,,,
DP_PRS_0491,,,,,,
DP_PRS_0492,,,,,,
DP_PRS_0493,,,,,,
DP_PRS_0494,,,,,,
DP_PRS_0495,,,,,,
DP_PRS_0496,,,,,,
DP_PRS_0497,,,,,,
DP_PRS_0498,,,,,,
DP_PRS_0499,,,,,,
DP_PRS_0500,,,,,,
DP_PRS_0501,,,,,,
DP_PRS_0502,,,,,,
DP_PRS_0503,,,,,,
DP_PRS_0504,,,,,,
DP_PRS_0505,,,,,,
DP_PRS_0506,,,,,,
DP_PRS_0507,,,,,,
DP_PRS_0508,,,,,,
DP_PRS_0509,,,,,,
DP_PRS_0510,,,,,,
DP_PRS_0511,,,,,,
DP_PRS_0512,,,,,,
DP_PRS_0513,,,,,,
DP_PRS_0514,,,,,,
DP_PRS_0515,,,,,,
DP_PRS_0516,,,,,,
DP_PRS_0517,,,,,,
DP_PRS_0518,,,,,,
DP_PRS_0519,,,,,,
DP_PRS_0520,,,,,,
DP_PRS_0521,,,,,,
DP_PRS_0522,,,,,,
DP_PRS_0523,,,,,,
DP_PRS_0524,,,,,,
DP_PRS_0525,,,,,,
DP_PRS_0526,,,,,,
DP_PRS_0527,,,,,,
DP_PRS_0528,,,,,,
DP_PRS_0529,,,,,,
DP_PRS_0530,,,,,,
DP_PRS_0531,,,,,,
DP_PRS_0532,,,,,,
DP_PRS_0533,,,,,,
DP_PRS_0534,,,,,,
DP_PRS_0535,,,,,,
DP_PRS_0536,,,,,,
DP_PRS_0537,,,,,,
DP_PRS_0538,,,,,,
DP_PRS_0539,,,,,,
DP_PRS_0540,,,,,,
DP_PRS_0541,,,,,,
DP_PRS_0542,,,,,,
DP_PRS_0543,,,,,,
DP_PRS_0544,,,,,,
DP_PRS_0545,,,,,,
DP_PRS_0546,,,,,,
DP_PRS_0547,,,,,,
DP_PRS_0548,,,,,,
DP_PRS_0549,,,,,,
DP_PRS_0550,,,,,,
DP_PRS_0551,,,,,,
DP_PRS_0552,,,,,,
DP_PRS_0553,,,,,,
DP_PRS_0554,,,,,,
DP_PRS_0555,,,,,,
DP_PRS_0556,,,,,,
DP_PRS_0557,,,,,,
DP_PRS_0558,,,,,,
DP_PRS_0559,,,,,,
DP_PRS_0560,,,,,,
DP_PRS_0561,,,,,,
DP_PRS_0562,,,,,,
DP_PRS_0563,,,,,,
DP_PRS_0564,,,,,,
DP_PRS_0565,,,,,,
DP_PRS_0566,,,,,,
DP_PRS_0567,,,,,,
DP_PRS_0568,,,,,,
DP_PRS_0569,,,,,,
DP_PRS_0570,,,,,,
DP_PRS_0571,,,,,,
DP_PRS_0572,,,,,,
DP_PRS_0573,,,,,,
DP_PRS_0574,,,,,,
DP_PRS_0575,,,,,,
DP_PRS_0576,,,,,,
DP_PRS_0577,,,,,,
DP_PRS_0578,,,,,,
DP_PRS_0579,,,,,,
DP_PRS_0580,,,,,,
DP_PRS_0581,,,,,,
DP_PRS_0582,,,,,,
DP_PRS_0583,,,,,,
DP_PRS_0584,,,,,,
DP_PRS_0585,,,,,,
DP_PRS_0586,,,,,,
DP_PRS_0587,,,,,,
DP_PRS_0588,,,,,,
DP_PRS_0589,,,,,,
DP_PRS_0590,,,,,,
DP_PRS_0591,,,,,,
DP_PRS_0592,,,,,,
DP_PRS_0593,,,,,,
DP_PRS_0594,,,,,,
DP_PRS_0595,,,,,,
DP_PRS_0596,,,,,,
DP_PRS_0597,,,,,,
DP_PRS_0598,,,,,,
DP_PRS_0599,,,,,,
DP_PRS_0600,,,,,,
DP_PRS_0601,,,,,,
DP_PRS_0602,,,,,,
DP_PRS_0603,,,,,,
DP_PRS_0604,,,,,,
DP_PRS_0605,,,,,,
DP_PRS_0606,,,,,,
DP_PRS_0607,,,,,,
DP_PRS_0608,,,,,,
DP_PRS_0609,,,,,,
DP_PRS_0610,,,,,,
DP_PRS_0611,,,,,,
DP_PRS_0612,,,,,,
DP_PRS_0613,,,,,,
DP_PRS_0614,,,,,,
DP_PRS_0615,,,,,,
DP_PRS_0616,,,,,,
DP_PRS_0617,,,,,,
DP_PRS_0618,,,,,,
DP_PRS_0619,,,,,,
DP_PRS_0620,,,,,,
DP_PRS_0621,,,,,,
DP_PRS_0622,,,,,,
DP_PRS_0623,,,,,,
DP_PRS_0624,,,,,,
DP_PRS_0625,,,,,,
DP_PRS_0626,,,,,,
DP_PRS_0627,,,,,,
DP_PRS_0628,,,,,,
DP_PRS_0629,,,,,,
DP_PRS_0630,,,,,,
DP_PRS_0631,,,,,,
DP_PRS_0632,,,,,,
DP_PRS_0633,,,,,,
DP_PRS_0634,,,,,,
DP_PRS_0635,,,,,,
DP_PRS_0636,,,,,,
DP_PRS_0637,,,,,,
DP_PRS_0638,,,,,,
DP_PRS_0639,,,,,,
DP_PRS_0640,,,,,,
DP_PRS_0641,,,,,,
DP_PRS_0642,,,,,,
DP_PRS_0643,,,,,,
DP_PRS_0644,,,,,,
DP_PRS_0645,,,,,,
DP_PRS_0646,,,,,,
DP_PRS_0647,,,,,,
DP_PRS_0648,,,,,,
DP_PRS_0649,,,,,,
DP_PRS_0650,,,,,,
DP_PRS_0651,,,,,,
DP_PRS_0652,,,,,,
DP_PRS_0653,,,,,,
DP_PRS_0654,,,,,,
DP_PRS_0655,,,,,,
DP_PRS_0656,,,,,,
DP_PRS_0657,,,,,,
DP_PRS_0658,,,,,,
DP_PRS_0659,,,,,,
DP_PRS_0660,,,,,,
DP_PRS_0661,,,,,,
DP_PRS_0662,,,,,,
DP_PRS_0663,,,,,,
DP_PRS_0664,,,,,,
DP_PRS_0665,,,,,,
DP_PRS_0666,,,,,,
DP_PRS_0667,,,,,,
DP_PRS_0668,,,,,,
DP_PRS_0669,,,,,,
DP_PRS_0670,,,,,,
DP_PRS_0671,,,,,,
DP_PRS_0672,,,,,,
DP_PRS_0673,,,,,,
DP_PRS_0674,,,,,,
DP_PRS_0675,,,,,,
DP_PRS_0676,,,,,,
DP_PRS_0677,,,,,,
DP_PRS_0678,,,,,,
DP_PRS_0679,,,,,,
DP_PRS_0680,,,,,,
DP_PRS_0681,,,,,,
DP_PRS_0682,,,,,,
DP_PRS_0683,,,,,,
DP_PRS_0684,,,,,,
DP_PRS_0685,,,,,,
DP_PRS_0686,,,,,,
DP_PRS_0687,,,,,,
DP_PRS_0688,,,,,,
DP_PRS_0689,,,,,,
DP_PRS_0690,,,,,,
DP_PRS_0691,,,,,,
DP_PRS_0692,,,,,,
DP_PRS_0693,,,,,,
DP_PRS_0694,,,,,,
DP_PRS_0695,,,,,,
DP_PRS_0696,,,,,,
DP_PRS_0697,,,,,,
DP_PRS_0698,,,,,,
DP_PRS_0699,,,,,,
DP_PRS_0700,,,,,,
DP_PRS_0701,,,,,,
DP_PRS_0702,,,,,,
DP_PRS_0703,,,,,,
DP_PRS_0704,,,,,,
DP_PRS_0705,,,,,,
DP_PRS_0706,,,,,,
DP_PRS_0707,,,,,,
DP_PRS_0708,,,,,,
DP_PRS_0709,,,,,,
DP_PRS_0710,,,,,,
DP_PRS_0711,,,,,,
DP_PRS_0712,,,,,,
DP_PRS_0713,,,,,,
DP_PRS_0714,,,,,,
DP_PRS_0715,,,,,,
DP_PRS_0716,,,,,,
DP_PRS_0717,,,,,,
DP_PRS_0718,,,,,,
DP_PRS_0719,,,,,,
DP_PRS_0720,,,,,,
DP_PRS_0721,,,,,,
DP_PRS_0722,,,,,,
DP_PRS_0723,,,,,,
DP_PRS_0724,,,,,,
DP_PRS_0725,,,,,,
DP_PRS_0726,,,,,,
DP_PRS_0727,,,,,,
DP_PRS_0728,,,,,,
DP_PRS_0729,,,,,,
DP_PRS_0730,,,,,,
DP_PRS_0731,,,,,,
DP_PRS_0732,,,,,,
DP_PRS_0733,,,,,,
DP_PRS_0734,,,,,,
DP_PRS_0735,,,,,,
DP_PRS_0736,,,,,,
DP_PRS_0737,,,,,,
DP_PRS_0738,,,,,,
DP_PRS_0739,,,,,,
DP_PRS_0740,,,,,,
DP_PRS_0741,,,,,,
DP_PRS_0742,,,,,,
DP_PRS_0743,,,,,,
DP_PRS_0744,,,,,,
DP_PRS_0745,,,,,,
DP_PRS_0746,,,,,,
DP_PRS_0747,,,,,,
DP_PRS_0748,,,,,,
DP_PRS_0749,,,,,,
DP_PRS_0750,,,,,,
DP_PRS_0751,,,,,,
DP_PRS_0752,,,,,,
DP_PRS_0753,,,,,,
DP_PRS_0754,,,,,,
DP_PRS_0755,,,,,,
DP_PRS_0756,,,,,,
DP_PRS_0757,,,,,,
DP_PRS_0758,,,,,,
DP_PRS_0759,,,,,,
DP_PRS_0760,,,,,,
DP_PRS_0761,,,,,,
DP_PRS_0762,,,,,,
DP_PRS_0763,,,,,,
DP_PRS_0764,,,,,,
DP_PRS_0765,,,,,,
DP_PRS_0766,,,,,,
DP_PRS_0767,,,,,,
DP_PRS_0768,,,,,,
DP_PRS_0769,,,,,,
DP_PRS_0770,,,,,,
DP_PRS_0771,,,,,,
DP_PRS_0772,,,,,,
DP_PRS_0773,,,,,,
DP_PRS_0774,,,,,,
DP_PRS_0775,,,,,,
DP_PRS_0776,,,,,,
DP_PRS_0777,,,,,,
DP_PRS_0778,,,,,,
DP_PRS_0779,,,,,,
DP_PRS_0780,,,,,,
DP_PRS_0781,,,,,,
DP_PRS_0782,,,,,,
DP_PRS_0783,,,,,,
DP_PRS_0784,,,,,,
DP_PRS_0785,,,,,,
DP_PRS_0786,,,,,,
DP_PRS_0787,,,,,,
DP_PRS_0788,,,,,,
DP_PRS_0789,,,,,,
DP_PRS_0790,,,,,,
DP_PRS_0791,,,,,,
DP_PRS_0792,,,,,,
DP_PRS_0793,,,,,,
DP_PRS_0794,,,,,,
DP_PRS_0795,,,,,,
DP_PRS_0796,,,,,,
DP_PRS_0797,,,,,,
DP_PRS_0798,,,,,,
DP_PRS_0799,,,,,,
DP_PRS_0800,,,,,,
DP_PRS_0801,,,,,,
DP_PRS_0802,,,,,,
DP_PRS_0803,,,,,,
DP_PRS_0804,,,,,,
DP_PRS_0805,,,,,,
DP_PRS_0806,,,,,,
DP_PRS_0807,,,,,,
DP_PRS_0808,,,,,,
DP_PRS_0809,,,,,,
DP_PRS_0810,,,,,,
DP_PRS_0811,,,,,,
DP_PRS_0812,,,,,,
DP_PRS_0813,,,,,,
DP_PRS_0814,,,,,,
DP_PRS_0815,,,,,,
DP_PRS_0816,,,,,,
DP_PRS_0817,,,,,,
DP_PRS_0818,,,,,,
DP_PRS_0819,,,,,,
DP_PRS_0820,,,,,,
DP_PRS_0821,,,,,,
DP_PRS_0822,,,,,,
DP_PRS_0823,,,,,,
DP_PRS_0824,,,,,,
DP_PRS_0825,,,,,,
DP_PRS_0826,,,,,,
DP_PRS_0827,,,,,,
DP_PRS_0828,,,,,,
DP_PRS_0829,,,,,,
DP_PRS_0830,,,,,,
DP_PRS_0831,,,,,,
DP_PRS_0832,,,,,,
DP_PRS_0833,,,,,,
DP_PRS_0834,,,,,,
DP_PRS_0835,,,,,,
DP_PRS_0836,,,,,,
DP_PRS_0837,,,,,,
DP_PRS_0838,,,,,,
DP_PRS_0839,,,,,,
DP_PRS_0840,,,,,,
DP_PRS_0841,,,,,,
DP_PRS_0842,,,,,,
DP_PRS_0843,,,,,,
DP_PRS_0844,,,,,,
DP_PRS_0845,,,,,,
DP_PRS_0846,,,,,,
DP_PRS_0847,,,,,,
DP_PRS_0848,,,,,,
DP_PRS_0849,,,,,,
DP_PRS_0850,,,,,,
DP_PRS_0851,,,,,,
DP_PRS_0852,,,,,,
DP_PRS_0853,,,,,,
DP_PRS_0854,,,,,,
DP_PRS_0855,,,,,,
DP_PRS_0856,,,,,,
DP_PRS_0857,,,,,,
DP_PRS_0858,,,,,,
DP_PRS_0859,,,,,,
DP_PRS_0860,,,,,,
DP_PRS_0861,,,,,,
DP_PRS_0862,,,,,,
DP_PRS_0863,,,,,,
DP_PRS_0864,,,,,,
DP_PRS_0865,,,,,,
DP_PRS_0866,,,,,,
DP_PRS_0867,,,,,,
DP_PRS_0868,,,,,,
DP_PRS_0869,,,,,,
DP_PRS_0870,,,,,,
DP_PRS_0871,,,,,,
DP_PRS_0872,,,,,,
DP_PRS_0873,,,,,,
DP_PRS_0874,,,,,,
DP_PRS_0875,,,,,,
DP_PRS_0876,,,,,,
DP_PRS_0877,,,,,,
DP_PRS_0878,,,,,,
DP_PRS_0879,,,,,,
DP_PRS_0880,,,,,,
DP_PRS_0881,,,,,,
DP_PRS_0882,,,,,,
DP_PRS_0883,,,,,,
DP_PRS_0884,,,,,,
DP_PRS_0885,,,,,,
DP_PRS_0886,,,,,,
DP_PRS_0887,,,,,,
DP_PRS_0888,,,,,,
DP_PRS_0889,,,,,,
DP_PRS_0890,,,,,,
DP_PRS_0891,,,,,,
DP_PRS_0892,,,,,,
DP_PRS_0893,,,,,,
DP_PRS_0894,,,,,,
DP_PRS_0895,,,,,,
DP_PRS_0896,,,,,,
DP_PRS_0897,,,,,,
DP_PRS_0898,,,,,,
DP_PRS_0899,,,,,,
DP_PRS_0900,,,,,,
DP_PRS_0901,,,,,,
DP_PRS_0902,,,,,,
DP_PRS_0903,,,,,,
DP_PRS_0904,,,,,,
DP_PRS_0905,,,,,,
DP_PRS_0906,,,,,,
DP_PRS_0907,,,,,,
DP_PRS_0908,,,,,,
DP_PRS_0909,,,,,,
DP_PRS_0910,,,,,,
DP_PRS_0911,,,,,,
DP_PRS_0912,,,,,,
DP_PRS_0913,,,,,,
DP_PRS_0914,,,,,,
DP_PRS_0915,,,,,,
DP_PRS_0916,,,,,,
DP_PRS_0917,,,,,,
DP_PRS_0918,,,,,,
DP_PRS_0919,,,,,,
DP_PRS_0920,,,,,,
DP_PRS_0921,,,,,,
DP_PRS_0922,,,,,,
DP_PRS_0923,,,,,,
DP_PRS_0924,,,,,,
DP_PRS_0925,,,,,,
DP_PRS_0926,,,,,,
DP_PRS_0927,,,,,,
DP_PRS_0928,,,,,,
DP_PRS_0929,,,,,,
DP_PRS_0930,,,,,,
DP_PRS_0931,,,,,,
DP_PRS_0932,,,,,,
DP_PRS_0933,,,,,,
DP_PRS_0934,,,,,,
DP_PRS_0935,,,,,,
DP_PRS_0936,,,,,,
DP_PRS_0937,,,,,,
DP_PRS_0938,,,,,,
DP_PRS_0939,,,,,,
DP_PRS_0940,,,,,,
DP_PRS_0941,,,,,,
DP_PRS_0942,,,,,,
DP_PRS_0943,,,,,,
DP_PRS_0944,,,,,,
DP_PRS_0945,,,,,,
DP_PRS_0946,,,,,,
DP_PRS_0947,,,,,,
DP_PRS_0948,,,,,,
DP_PRS_0949,,,,,,
DP_PRS_0950,,,,,,
DP_PRS_0951,,,,,,
DP_PRS_0952,,,,,,
DP_PRS_0953,,,,,,
DP_PRS_0954,,,,,,
DP_PRS_0955,,,,,,
DP_PRS_0956,,,,,,
DP_PRS_0957,,,,,,
DP_PRS_0958,,,,,,
DP_PRS_0959,,,,,,
DP_PRS_0960,,,,,,
DP_PRS_0961,,,,,,
DP_PRS_0962,,,,,,
DP_PRS_0963,,,,,,
DP_PRS_0964,,,,,,
DP_PRS_0965,,,,,,
DP_PRS_0966,,,,,,
DP_PRS_0967,,,,,,
DP_PRS_0968,,,,,,
DP_PRS_0969,,,,,,
DP_PRS_0970,,,,,,
DP_PRS_0971,,,,,,
DP_PRS_0972,,,,,,
DP_PRS_0973,,,,,,
DP_PRS_0974,,,,,,
DP_PRS_0975,,,,,,
DP_PRS_0976,,,,,,
DP_PRS_0977,,,,,,
DP_PRS_0978,,,,,,
DP_PRS_0979,,,,,,
DP_PRS_0980,,,,,,
DP_PRS_0981,,,,,,
DP_PRS_0982,,,,,,
DP_PRS_0983,,,,,,
DP_PRS_0984,,,,,,
DP_PRS_0985,,,,,,
DP_PRS_0986,,,,,,
DP_PRS_0987,,,,,,
DP_PRS_0988,,,,,,
DP_PRS_0989,,,,,,
DP_PRS_0990,,,,,,
DP_PRS_0991,,,,,,
DP_PRS_0992,,,,,,
DP_PRS_0993,,,,,,
DP_PRS_0994,,,,,,
DP_PRS_0995,,,,,,